제목	저자	번역	출간일	페이지	ISBN	정가	판가	마일리지
4차 산업혁명 시대를 위한 e-비즈니스 개론(4판)	이동훈	 	2021-03-07	512	9791156645320	27000	27000	810
IT CookBook, C 언어 일취월장(2판)	신윤환	 	2021-02-24	800	9791156645313	28000	28000	840
Numerical Methods for Engineers, 8th Edition	Steven Chapra, Raymond Canale	 	2021-02-18	1008	9781260571387	45000	45000	1350
IT CookBook, SQL Server로 배우는 데이터베이스 개론과 실습(2판)	박우창, 남송휘, 이현룡	 	2021-02-10	604	9791156645290	29000	29000	870
IT CookBook, 손에 잡히는 데이터 통신	임석구	 	2021-01-23	572	9791156645283	29000	29000	870
IT CookBook, 파이썬 자료구조와 알고리즘 for Beginner	우재남	 	2021-01-23	520	9791156645252	27000	27000	810
STEM CookBook, 대학물리학(5판)	Alan Giambattista	김용은 외	2021-01-20	1464	9791156645207	43000	43000	1290
STEM CookBook, 재료역학(2판)	Anthony Bedford, Kenneth M. Liechti	정광영, 김형종, 마정범, 최정호, 홍석무	2021-01-20	840	9791156645191	38000	38000	1140
IT CookBook, 디지털 회로 실험 with PSpice	홍순관	 	2021-01-15	396	9791156645122	22000	22000	660
한번에 통과하는 논문 세트	히든그레이스 논문통계팀	 	2021-01-08	1448	9791156645177	85000	85000	2550
데이터 과학을 위한 기초수학 with 파이썬	이병준	 	2021-01-06	448	9791156645160	26000	26000	780
미분적분학 : 대학수학의 첫걸음	수학교재편찬위원회	 	2021-01-06	620	9791156645269	28000	28000	840
제대로 시작하는 기초 통계학 : Excel 활용 (2판)	노경섭	 	2021-01-06	364	9791156645153	25000	25000	750
친절한 미분적분학	캐럴 애시, 로버트 B. 애시	김광수, 한빛수학교재연구소	2021-01-06	688	9791156645276	32000	32000	960
IT CookBook, 4차 산업혁명과 정보통신의 이해	김정섭, 이호상, 양인창	 	2021-01-05	448	9791156645047	25000	25000	750
IT CookBook, Android Studio를 활용한 안드로이드 프로그래밍(6판)	우재남, 박길식	 	2021-01-05	580	9791156645245	32000	32000	960
IT CookBook, C# 프로그래밍 2판	윤인성	 	2021-01-05	480	9791156645238	26000	26000	780
IT CookBook, 게임 제작으로 배우는 유니티	이종원, 정종필	 	2021-01-05	496	9791156645108	30000	30000	900
IT CookBook, 난생처음 R 코딩 & 데이터 분석	오세종, 신현석	 	2021-01-05	496	9791156645139	25000	25000	750
IT CookBook, 난생처음 인공지능 with 스크래치	고광일	 	2021-01-05	364	9791156645221	23000	23000	690
IT CookBook, 난생처음 컴퓨팅 사고 with 파이썬	김명호	 	2021-01-05	460	9791156645214	23000	23000	690
IT CookBook, 초융합 시대의 멀티미디어와 콘텐츠	김용태, 박길철	 	2021-01-05	516	9791156645092	29000	29000	870
IT CookBook, 파이썬으로 만드는 인공지능	오일석, 이진선	 	2021-01-05	608	9791156645085	31000	31000	930
IT CookBook, 핵심이 보이는 전자기학	김성중	 	2021-01-04	548	9791156645115	28000	28000	840
Statics and Mechanics of Materials, 3rd Edition	Ferdinand Beer, E. Johnston, John DeWolf, David Mazurek	 	2021-01-01	864	9781260570984	45000	45000	1350
IT CookBook, 데이터 과학 기반의 파이썬 빅데이터 분석	이지영	 	2020-12-30	440	9791156645078	28000	28000	840
IT CookBook, 전자기학 : 풍부한 그림으로 형상화하여 이해하는 전자기학의 핵심	김동명	 	2020-12-17	688	9791156645184	38000	38000	1140
IT CookBook, 쉽게 배우는 자바 프로그래밍 2판	우종정	 	2020-11-22	780	9791156645146	29000	29000	870
포르잔 C++ 에센셜	Behrouz A. Forouzan, Richard F. Gilberg	윤인성	2020-11-10	756	9791156645061	32000	32000	960
IT CookBook, 액세스 2019로 배우는 데이터베이스 기초와 실습	김지연	 	2020-09-28	536	9791156645054	28000	28000	840
포르잔 C++ 바이블	Behrouz A. Forouzan, Richard F. Gilberg	윤인성	2020-08-31	1192	9791156645030	45000	45000	1350
딥러닝을 위한 선형대수학	Gilbert Strang	부산대학교 산업수학센터(FFMIMC)	2020-08-05	560	9791156644972	38000	38000	1140
IT CookBook, 오라클로 배우는 데이터베이스 개론과 실습(2판)	박우창, 남송휘, 이현룡	 	2020-07-30	600	9791156645023	29000	29000	870
대학을 버려야 대학이 산다	조동성 외 인천대학교 가족 178명	 	2020-07-25	216	9791156645016	18000	18000	540
IT CookBook, 따라 하면서 배우는 사물인터넷	양재삼	 	2020-07-23	448	9791156644941	28000	28000	840
R로 하는 다변량 데이터 분석 : 이론부터 실무 활용까지	카와하시 잇코, 이와마 노리카즈, 스즈키 마사유키	권기태	2020-07-10	544	9791156644989	32000	32000	960
창의적 공학설계(3판)	김은경	 	2020-07-10	408	9791156644934	23000	23000	690
공학 핵심수학(2판)  : 기초부터 심화까지 핵심만 쏙쏙	함남우	 	2020-07-06	484	9791156644996	23000	23000	690
응용이 보이는 선형대수학 : 파이썬과 함께하는 선형대수학 이론과 응용	이건명	 	2020-07-06	592	9791156645009	31000	31000	930
IT CookBook, 초연결 사회의 데이터통신과 네트워킹	강문식	 	2020-06-30	504	9791156644927	29000	29000	870
IT CookBook, 쉽게 배우는 MFC 윈도우 프로그래밍	김선우, 신화선	 	2020-06-20	772	9791156644903	30000	30000	900
IT CookBook, 인공지능 시대를 위한 컴퓨터 과학 개론	정기철	 	2020-06-19	520	9791156644958	27000	27000	810
IT CookBook, 코틀린을 활용한 안드로이드 프로그래밍	우재남, 유혜림	 	2020-06-19	564	9791156644965	34000	34000	1020
IT CookBook, 처음 만나는 신재생에너지	김지홍	 	2020-06-10	388	9791156644859	25000	25000	750
프리드버그 선형대수학	스티븐 H. 프리드버그, 아놀드 J. 인셀, 로렌스 E. 스펜스	한빛수학교재연구소, 심형보(감수)	2020-06-05	616	9791156644910	35000	35000	1050
IT CookBook, CentOS 리눅스	이종원	 	2020-05-30	792	9791156644897	32000	32000	960
Microeconomics, 6th Edition, Asia Edition	David Besanko, Ronald Braeutigam	 	2020-05-01	856	9781119666226	49000	49000	1470
누구나 파이썬 통계분석	타니아이 히로키	권기태	2020-04-06	384	9791156644880	26000	26000	780
제대로 배우는 MATLAB&Simulink	방성완	 	2020-03-05	576	9791156644828	29000	29000	870
공학도를 위한 경영 : 4차 산업혁명 시대	하귀룡	 	2020-02-28	348	9791156644866	25000	25000	750
SWedu 011, 앱 인벤터(2판) : 쉽고 재미있게 만드는 앱 프로그래밍	이종원	 	2020-02-21	408	9791156644873	24000	24000	720
IT CookBook, 컴파일러의 이해 : 내공 있는 프로그래머로 길러주는 (증보판)	박두순	 	2020-02-20	508	9791156644835	27000	27000	810
IT CookBook, 운영체제론 : Operating Systems, 3rd Ed	하비 디텔, 폴 디텔, 데이빗 쇼픈스	송경희	2020-01-30	860	9791156644842	32000	32000	960
기초수학 : Basic Mathematics(2판)	이재원	 	2020-01-10	312	9791156644811	20000	20000	600
IT CookBook, Android Studio를 활용한 안드로이드 프로그래밍(5판)	우재남, 박길식	 	2020-01-08	572	9791156644804	29000	29000	870
IT CookBook, 4차 산업혁명 시대의 정보통신개론	고응남	 	2020-01-06	600	9791156644767	25000	25000	750
IT CookBook, C 언어 일취월장	신윤환	 	2020-01-06	808	9791156644774	28000	28000	840
IT CookBook, UI 디자인과 프로토타이핑을 위한 Adobe XD	이영주	 	2020-01-06	552	9791156644750	27000	27000	810
IT CookBook, UI/UX 디자인 이론과 실습 with Adobe XD	이영주	 	2020-01-06	560	9791156644651	28000	28000	840
IT CookBook, 객체 지향 설계와 분석을 위한 UML 기초와 응용	한정수, 김귀정	 	2020-01-06	336	9791156644781	24000	24000	720
IT CookBook, 리눅스 실습 for Beginner	우재남	 	2020-01-06	488	9791156644705	24000	24000	720
IT CookBook, 비주얼 베이직 2019 입문	임관철	 	2020-01-06	436	9791156644699	25000	25000	750
IT CookBook, 스크래치로 배우는 컴퓨팅 사고	조성호, 고광일	 	2020-01-06	384	9791156644798	21000	21000	630
IT CookBook, 엑셀로 배우는 데이터 분석	박주미	 	2020-01-06	480	9791156644682	21000	21000	630
IT CookBook, 초연결 사회를 위한 컴퓨터 개론	조성호	 	2020-01-06	538	9791156644675	26000	26000	780
IT CookBook, 파이썬 for Beginner(2판)	우재남	 	2020-01-06	504	9791156644668	23000	23000	690
NO BULLSHIT 선형대수학 가이드	Ivan Savov	김대정, 모현선, 배준우	2020-01-06	628	9791156644729	28000	28000	840
NO BULLSHIT 수학&물리 가이드	Ivan Savov	권기영	2020-01-06	568	9791156644644	28000	28000	840
정보교과교육론(2판)	이태욱, 최현종, 전용주	 	2020-01-06	464	9791156644743	27000	27000	810
실무로 완성하는 PLC(멜섹Q) : 서보를 이용한 위치 제어	정완보	 	2020-01-02	568	9791156644736	28000	28000	840
College Physics, 5th Edition	Alan Giambattista	 	2020-01-01	1232	9781260547719	45000	45000	1350
Stata로 끝내는 논문	정규형	 	2019-12-09	372	9791156644712	25000	25000	750
Business Statistics: For Contemporary Decision Making, 10th Edition, Asia Edition	Ken Black	 	2019-12-01	832	9781119668220	49000	49000	1470
IT CookBook, 유닉스 이론과 실습(3판)	이종원, 윤소정	 	2019-11-13	568	9791156644637	25000	25000	750
IT CookBook, 경영경제통계학	유영태	 	2019-10-18	472	9791156644606	28000	28000	840
Swedu, 정보적 사고에서 인공 지능까지	김현철	 	2019-09-28	184	9791156644545	19000	19000	570
IT CookBook, 문제 해결력을 키우는 디자인 씽킹	송태란, 이정현	 	2019-09-10	300	9791156644583	22000	22000	660
IT CookBook, 모두를 위한 R 데이터 분석 입문	오세종	 	2019-08-24	480	9791156644590	26000	26000	780
IT CookBook, 최신 컴퓨터 구조	임석구, 홍경호	 	2019-08-17	616	9791156644569	28000	28000	840
IT CookBook , MySQL로 배우는 데이터베이스 개론과 실습	박우창, 남송휘, 이현룡	 	2019-08-15	572	9791156644576	27000	27000	810
IT CookBook, HTML5 웹 프로그래밍 입문(3판)	윤인성	 	2019-07-20	488	9791156644552	26000	26000	780
IT CookBook, 컴퓨터 활용과 실습 2016	김주영	 	2019-07-15	520	9791156644507	24000	24000	720
IT Cookbook, 처음 만나는 전자회로	황형수	 	2019-07-10	440	9791156644491	24000	24000	720
스트랭 미분방정식과 선형대수학	Gilbert Strang	한빛수학교재연구소	2019-07-09	552	9791156644422	30000	30000	900
IT CookBook, 네트워크 개론(3판)	진혜진	 	2019-07-05	516	9791156644521	25000	25000	750
IT CookBook, 텐서플로로 배우는 딥러닝	박혜정, 석경하, 심주용, 황창하	 	2019-06-30	448	9791156644538	27000	27000	810
IT CookBook, 파워포인트 2016	김지연	 	2019-06-29	420	9791156644514	19000	19000	570
SWedu, 스크래치 3.0 : 컴퓨팅 사고력을 키우는 블록 코딩	고광일	 	2019-06-10	392	9791156644484	22000	22000	660
IT CookBook, design school 포토샵 & 일러스트레이터 CC 2019	이영주	 	2019-06-06	616	9791156644477	23000	23000	690
IT CookBook, PHP 프로그래밍 입문(3판)	황재호	 	2019-05-20	456	9791156644446	25000	25000	750
칼만 필터는 어렵지 않아 with MATLAB Examples	김성필	 	2019-05-20	256	9791156644415	26000	26000	780
IT CookBook, R로 배우는 데이터 과학	양윤석, 오일석, 강래형	 	2019-05-08	440	9791156644460	27000	27000	810
IT CookBook, design school 포토샵 CC 2019	이영주	 	2019-04-19	540	9791156644453	22000	22000	660
제대로 알고 쓰는 논문 통계분석 : SPSS & AMOS (개정증보판)	노경섭	 	2019-02-28	460	9791156644408	28000	28000	840
이산수학 : tool 중심으로 이해하는 새로운 시각	박두순	 	2019-01-31	484	9791156644033	24000	24000	720
IT CookBook, 따라 하면서 배우는 마이크로컨트롤러	허경용	 	2019-01-28	528	9791156644392	28000	28000	840
IT CookBook, 데이터베이스 개론(2판)	김연희	 	2019-01-03	592	9791156644316	27000	27000	810
스트랭 미분적분학	Gilbert Strang	한빛수학교재연구소	2019-01-02	872	9791156644378	34000	34000	1020
IT CookBook, 데이터 과학을 위한 파이썬 프로그래밍	최성철	 	2019-01-01	536	9791156644361	25000	25000	750
IT CookBook, 데이터베이스 for Beginner	우재남	 	2019-01-01	520	9791156644354	24000	24000	720
한번에 통과하는 논문 : AMOS 구조방정식 활용과 SPSS 고급 분석	히든그레이스 논문통계팀	 	2018-12-24	536	9791156644347	28000	28000	840
공학도라면 반드시 알아야 할 최소한의 과학	John Bird	권기영	2018-12-21	456	9791156644040	24000	24000	720
IT CookBook, 전공자를 위한 C 언어 프로그래밍	주우석	 	2018-12-14	668	9791156643708	29000	29000	870
IT CookBook, design school 프리미어 프로 CC	강재신	 	2018-12-07	532	9791156643937	25000	25000	750
IT CookBook, design school 일러스트레이터 CC	이영주	 	2018-11-30	428	9791156643920	23000	23000	690
IT CookBook, 모바일 & 데스크톱을 위한 웹 기획 프로세스	강은정	 	2018-11-25	424	9791156644323	24000	24000	720
IT CookBook, 시스템 해킹과 보안(3판)	양대일	 	2018-11-12	568	9791156644101	27000	27000	810
IT CookBook, 자바 프로그래밍 for Beginner	우재남	 	2018-11-10	600	9791156644064	26000	26000	780
IT CookBook, 쉽게 배우는 JSP 웹 프로그래밍	송미영	 	2018-10-08	636	9791156643388	27000	27000	810
NCS를 기반으로 한 직무 기초수학	이광연, 조성훈, 최상일	 	2018-10-05	408	9791156644002	22000	22000	660
수치해석학 바이블	Ward Cheney, David Kincaid	이병준, 한희재	2018-09-28	676	9791156644019	32000	32000	960
MATLAB으로 배우는 공학 수치해석(개정판)	방성완	 	2018-07-20	352	9791156643999	24000	24000	720
IT CookBook, 모바일 UI/UX 디자인 실무	이영주	 	2018-07-09	528	9791156644088	28000	28000	840
IT CookBook, C 언어 for Beginner(개정3판)	우재남	 	2018-06-30	516	9791156643951	23000	23000	690
IT CookBook, R로 배우는 딥러닝	박혜정, 석경하, 심주용, 황창하	 	2018-06-30	240	9791156644095	23000	23000	690
IT CookBook, 쉽게 배우는 운영체제	조성호	 	2018-06-30	616	9791156644071	28000	28000	840
SWedu, 엔트리파이선	정영식, 홍은미, 김슬기, 김성훈	 	2018-06-30	264	9791156643944	22000	22000	660
IT CookBook, 엑셀 2016	김지연	 	2018-06-29	412	9791156644057	19000	19000	570
만만한 통계 : Excel 활용	닐 샐카인드(Neil J. Salkind)	김재경	2018-06-29	476	9791156643982	26000	26000	780
문과생도 이해하는 확률과 통계	야마모토 토시로	박윤경	2018-06-29	300	9791156643975	20000	20000	600
수식이 보이는 공학수학 : Engineering Mathematics (개정판)	장윤석	 	2018-06-20	476	9791156644026	24000	24000	720
IT CookBook, 핵심이 보이는 전자회로 with PSPICE(개정판)	신경욱	 	2018-04-30	660	9791156643883	32000	32000	960
MOS 2016 액세스	김경희, 오해강	 	2018-04-17	292	9791156643371	14000	14000	420
MATLAB으로 배우는 공학수학 : Engineering Mathematics (개정판)	소상균	 	2018-04-05	744	9791156643869	28000	28000	840
한번에 통과하는 논문 : SPSS 결과표 작성과 해석 방법	히든그레이스 논문통계팀	 	2018-03-28	420	9791156643876	23000	23000	690
IT CookBook, C++ 트레이닝	김상형	 	2018-03-25	484	9791156643906	26000	26000	780
4차 산업혁명 시대의 기업 혁신을 위한 비즈니스 프로세스	정승렬, 이정규	 	2018-03-10	484	9791156643913	29000	29000	870
IT CookBook, 핵심이 보이는 제어공학(개정판)	김성중	 	2018-02-28	564	9791156643845	26000	26000	780
IT CookBook, 우분투 리눅스(개정판)	이종원	 	2018-02-20	856	9791156643821	31000	31000	930
쉽고 빠르게 합격하는 COS 2급	이연란	 	2018-02-12	324	9791156643692	18000	16200	900
생각하며 배우는 대학물리학	이기영	 	2018-02-02	632	9791156643784	30000	30000	900
IT CookBook, 소프트웨어 세상을 여는 컴퓨터 과학	김종훈	 	2018-01-26	376	9791156643814	22000	22000	660
IT CookBook, 쉽게 배우는 알고리즘(개정판)	문병로	 	2018-01-20	528	9791156643753	27000	27000	810
MOS 2016 아웃룩	김경희, 오해강	 	2018-01-19	248	9791156643807	14000	14000	420
IT CookBook, 확률과 랜덤 과정	정호영	 	2018-01-15	340	9791156643791	23000	23000	690
IT CookBook, 기초부터 시작하는 PLC: 지멘스 S7-1500	정완보	 	2018-01-10	492	9791156643722	23000	23000	690
IT CookBook, 정보 보안 개론 개정3판	양대일	 	2018-01-10	584	9791156643616	28000	28000	840
미분적분학 에센스	제임스 스튜어트	한빛수학교재연구소	2018-01-08	516	9791156643685	28000	28000	840
미분적분학 바이블	제임스 스튜어트	한빛수학교재연구소	2018-01-04	948	9791156643678	34000	34000	1020
IT CookBook, 기초 회로이론(개정 2판)	최윤식	 	2017-12-28	484	9791156643715	24000	24000	720
IT CookBook , 엑셀과 파워포인트 2016	김지연	 	2017-12-27	512	9791156643760	22000	22000	660
IT CookBook, 기본 개념과 핵심 원리로 배우는 C++ 프로그래밍	김화수	 	2017-12-22	624	9791156643647	28000	28000	840
SWedu, 파이선으로 쉽게 배우는 프로그래밍 입문	조인석	 	2017-12-21	376	9791156643777	21000	21000	630
IT CookBook, 단계별로 배우는 안드로이드 프로그래밍	김선우	 	2017-12-08	740	9791156643630	35000	35000	1050
기계 학습	오일석	 	2017-12-05	664	9791156641582	32000	32000	960
IT CookBook, C 언어 트레이닝	김상형	 	2017-12-04	524	9791156643609	25000	25000	750
code.org를 활용한 컴퓨팅 사고력과 코딩 교육	제인 크라우스, 키키 프롯츠만	김수환, 김찬웅, 김해영	2017-11-30	232	9791156643241	19000	19000	570
IT CookBook, 디지털 영상처리	심동규, 임웅	 	2017-11-30	512	9791156641575	28000	28000	840
IT CookBook, 전기전자공학 개론(개정 6판)	Stan Gibilisco, Simon Monk	권기영, 조성재, 유태훈	2017-11-30	828	9791156643661	32000	32000	960
IT CookBook, 핵심이 보이는 전자회로 실험 with PSPICE	신경욱	 	2017-11-30	464	9791156643654	25000	25000	750
IT CookBook, 페도라 리눅스(개정판)	이종원	 	2017-11-10	856	9791156641599	29000	29000	870
한번에 통과하는 논문 : 논문 검색과 쓰기 전략	히든그레이스 논문통계팀	 	2017-11-05	332	9791156642541	18900	18900	567
SWedu, 비트브릭	김경하, 박승미, 최선경, 이민아, 김진선, 강병수, 이신영	 	2017-10-22	344	9791156643395	19000	19000	570
MOS 2016 워드 Expert	김경희, 오해강	 	2017-10-20	256	9791156643364	14000	14000	420
공학도라면 반드시 알아야 할 최소한의 수학	John Bird	이재원	2017-09-30	396	9791156643333	22000	22000	660
MOS 2016 엑셀 Expert	김경희, 오해강	 	2017-09-11	312	9791156643357	14000	14000	420
MOS 2016 파워포인트	김경희, 오해강	 	2017-09-11	248	9791156643340	14000	14000	420
4차 산업혁명 시대의 경영정보시스템	이동훈	 	2017-08-08	476	9791156643319	28000	28000	840
IT CookBook, 쉽게 배우는 자바 프로그래밍	우종정	 	2017-08-02	692	9791156643296	27000	27000	810
IT CookBook, 차세대 웹 프로그래밍	홍성용	 	2017-07-30	468	9791156643302	26000	26000	780
개념이 잡히는 디지털 전자회로	강영국	 	2017-07-27	716	9791156643012	29000	29000	870
IT CookBook, 유닉스 시스템 프로그래밍	이종원	 	2017-07-17	520	9791156643326	25000	25000	750
문과생도 이해하는 전기전자수학	야마시타 아키라	박윤경, 이현숙	2017-07-14	352	9791156643289	20000	20000	600
확률과 통계 입문 : Basic Probability & Statistics	이재원	 	2017-07-10	352	9791156643227	20000	20000	600
기초 미분적분학(개정판) : Pre Calculus	함남우	 	2017-07-07	392	9791156643210	22000	22000	660
IT CookBook, 인터넷 해킹과 보안 개정3판	김경곤	 	2017-06-30	488	9791156643272	25000	25000	750
IT CookBook, MFC 윈도우 프로그래밍	강경우	 	2017-06-26	512	9791156643265	27000	27000	810
IT CookBook, 웹 디자인 이론과 실습	강은정	 	2017-06-05	400	9791156643258	25000	25000	750
IT CookBook, 기초부터 시작하는 PLC : 멜섹Q	정완보	 	2017-04-28	484	9791156643203	23000	23000	690
IT CookBook, C로 시작하는 컴퓨터 프로그래밍 개정3판	문호석, 손명호	 	2017-04-17	424	9791156643180	20000	20000	600
객체지향 소프트웨어 공학	최은만	 	2017-04-10	608	9791156643197	29000	29000	870
기초 공업수학	마인숙	 	2017-02-28	392	9791156642985	20000	20000	600
IT CookBook, 반도체 공학(개정판)	김동명	 	2017-02-17	908	9791156643142	35000	35000	1050
IT CookBook, 기초 통신이론	김영길	 	2017-02-06	356	9791156643029	22000	22000	660
데이터 아이코놀로지	박진완	 	2017-01-26	320	9791156643098	26000	26000	780
IT CookBook, 임베디드 리눅스 기초와 응용	우종정, 사공준	 	2017-01-24	488	9791156643135	22000	22000	660
IT CookBook, 컴퓨팅 사고력을 키우는 이산수학(개정판)	박주미	 	2017-01-14	592	9791156643050	25000	25000	750
easy LED : 초보자를 위한 LED 가이드북	홍순관	 	2017-01-02	204	9791156643005	18000	18000	540
IT CookBook, 디지털 시스템 설계 및 실습 with VHDL & Verilog HDL	노승환	 	2017-01-02	440	9791156642992	25000	25000	750
IT CookBook, 기초 전기전자 에센스	모현선, 장성용, 홍익표	 	2016-12-31	528	9791156642978	25000	25000	750
IT CookBook, 비주얼 베이직 2015 for Beginner	임관철	 	2016-12-30	432	9791156643067	24000	24000	720
IT CookBook, 네트워크 해킹과 보안 개정3판 : 정보 보안 개론과 실습	양대일	 	2016-12-28	584	9791156642770	26000	26000	780
IT CookBook, 쉽게 배우는 데이터 통신과 컴퓨터 네트워크 (개정판)	박기현	 	2016-12-26	584	9791156643043	27000	27000	810
IT CookBook, 자바스크립트 프로그래밍 입문	윤인성	 	2016-12-15	424	9791156642787	25000	25000	750
IT CookBook, 처음 만나는 자동제어공학	김성중	 	2016-12-12	256	9791156642374	18000	18000	540
IT CookBook, HTML & CSS for Beginner	황재호	 	2016-11-10	472	9791156642794	23000	23000	690
IT CookBook, 처음 만나는 전기기기	최은혁, 박숭규	 	2016-11-01	268	9791156642398	20000	20000	600
SWedu, 컴퓨팅 사고력을 키우는 SW 교육 : 엔트리 & 햄스터	황준, 박광현, 이웅재, 최은정, 고혜영, 이재호, 손예진, 조민주	 	2016-09-05	252	9791156642749	20000	20000	600
ITQ 엑셀 2010	장수진, 유우종, 임관철, 김경희	 	2016-09-01	244	9791156642671	15000	15000	450
ITQ 파워포인트 2010	장수진, 유우종, 임관철, 김경희	 	2016-09-01	252	9791156642664	15000	15000	450
ITQ 한글 2010	장수진, 유우종, 임관철, 김경희	 	2016-09-01	252	9791156642688	15000	15000	450
IT CookBook, 인터넷 윤리	최희식, 김상균	 	2016-08-26	400	9791156642503	22000	22000	660
한 권으로 합격하는 MOS 2010 엑셀과 파워포인트	김경희, 오해강	 	2016-08-26	220	9791156642763	15000	15000	450
파이썬으로 배우는 프로그래밍 기초	크리스 로피	유형목, 이지호	2016-08-18	228	9788968484940	13000	13000	390
IT CookBook, 자바 프로그래밍 바이블	오경주, 염기호, 정용훈	 	2016-08-12	948	9791156642732	29000	29000	870
제대로 알고 쓰는 R 통계분석	이윤환	 	2016-08-05	400	9791156642640	25000	25000	750
IT CookBook, C로 배우는 쉬운 자료구조(개정3판)	이지영	 	2016-07-28	596	9791156642695	27000	27000	810
IT CookBook, 처음 만나는 디지털 논리회로	임석구, 홍경호	 	2016-07-25	448	9791156642633	22000	22000	660
SWedu, 컴퓨팅 사고력을 키우는 SW 교육 : 파이썬	우재남	 	2016-07-20	444	9791156642701	22000	22000	660
IT CookBook, 기초 신호 및 시스템	이철희	 	2016-07-18	492	9791156642657	26000	26000	780
생생한 사례로 배우는 확률과 통계	이재원	 	2016-07-15	476	9791156642619	25000	25000	750
공학과 경영	김상균	 	2016-07-07	404	9791156642626	26000	26000	780
IT CookBook, 운영체제(개정3판)	구현회	 	2016-06-30	684	9791156642459	27000	27000	810
IT CookBook, 처음 만나는 전자기학	곽동주	 	2016-06-28	412	9791156642602	23000	23000	690
IT CookBook, 디지털 콘텐츠 기획	김성은	 	2016-06-27	508	9791156642718	26000	26000	780
IT 해외 취업 가이드 : 미국편	송기봉	 	2016-06-11	296	9791156642572	18000	18000	540
IT CookBook, 기초전자실험(개정판) : with PSpice	홍순관	 	2016-06-10	296	9791156642589	17000	17000	510
IT CookBook, 따라 하면서 배우는 아두이노	허경용	 	2016-06-10	456	9791156642596	26000	26000	780
IT CookBook, 윈도우 서버 2012 R2 : 설치, 운영, 관리+실무 팁	남훈식, 최영락	 	2016-02-25	664	9791156642497	28000	28000	840
스크래치를 활용한 문제해결능력 향상	김종훈	 	2016-02-19	124	9788968482625	9000	9000	270
대학생을 위한 스크래치 프로그래밍 : 누구나 할 수 있는 가장 쉬운 프로그래밍 입문서	김종훈	 	2016-01-26	232	9788968482557	18000	18000	540
미적분학	Carol Ash, Robert B. Ash	김광수, 최형규	2016-01-21	716	9791156642343	35000	35000	1050
IT CookBook, 처음 만나는 전력공학	박숭규, 최은혁, 최병숙	 	2016-01-15	416	9791156642367	23000	23000	690
IT CookBook, 처음 만나는 회로이론	방성완	 	2016-01-12	384	9791156642350	20000	20000	600
최신 공학수학 with Sage Ⅰ	이상구, 김영록, 박준현, 김응기, 이재화	 	2016-01-12	500	9791156642091	25000	25000	750
최신 공학수학 with Sage Ⅱ	이상구, 김영록, 박준현, 김응기, 이재화	 	2016-01-12	444	9791156642107	23000	23000	690
IT CookBook, 최신 이동통신 입문 : Mobile Communications	Jochen H. Schiller	곽경섭, 고영채	2016-01-04	464	9791156642084	28000	28000	840
IT CookBook, 쉬운 영어로 읽는 최신 전산 영어(개정3판)	조준모	 	2015-12-30	300	9791156642039	17000	17000	510
IT CookBook, 데이터베이스 기초와 실습 : 액세스 2013	김지연	 	2015-12-28	504	9791156642404	25000	25000	750
IT CookBook, 전자상거래와 e-비즈니스(개정3판)	이동훈	 	2015-12-28	512	9791156642435	25000	25000	750
IT CookBook, 컴퓨터 사이언스(개정판) : 새내기를 위한 최신 컴퓨터 개론	이동명, 권오현, 고정국	 	2015-12-28	492	9791156642428	24000	24000	720
IT CookBook, 핵심이 보이는 반도체 공학	권기영	 	2015-12-18	568	9791156642077	28000	28000	840
IT CookBook, 원리로 이해하는 전력전자공학 : 기초부터 응용까지	원충연, 김영렬, 이택기, 정용채, 이병국	 	2015-12-10	484	9791156641988	26000	26000	780
IT CookBook, C# 프로그래밍 : 프로그래밍 기초부터 객체 지향 핵심까지	윤인성	 	2015-12-01	560	9791156642046	25000	25000	750
IT CookBook, 쉽게 배우는 소프트웨어 공학	김치수	 	2015-12-01	512	9791156642053	25000	25000	750
IT CookBook, 시스템 분석과 설계(개정판) : 효과적인 비즈니스 정보시스템 개발	허원실	 	2015-12-01	408	9791156642060	25000	25000	750
IT CookBook, JUST JAVA : 객체지향에 충실한 자바다운 자바	황희정	 	2015-10-26	512	9791156642015	25000	25000	750
IT CookBook, UI/UX 디자인 이론과 실습	이영주	 	2015-09-23	506	9791156642022	27000	27000	810
IT CookBook, 정보보안 이론과 실제	마크 스탬프	안태남, 손용락, 이광석	2015-09-17	496	9791156642008	25000	25000	750
IT CookBook, 리눅스 프로그래밍 기초 : 시스템 호출, 라이브러리 함수별 실습	최태영, 황준하, 고재필, 윤현주, 김용호	 	2015-08-17	372	9791156641964	20000	20000	600
앱 인벤터 2 : 구글과 MIT 앱 인벤터 개발팀이 안내하는 안드로이드 프로그래밍	David Wolber, Hal Abelson, Ellen Spertus, Liz Looney	오일석, 이진선	2015-07-20	384	9791156641865	24000	24000	720
easy LTE : 초보 기술자를 위한 이동통신 가이드북	이상근	 	2015-07-10	232	9791156641834	23000	23000	690
IT CookBook, 원리로 이해하는 마이크로파 공학	홍익표	 	2015-07-10	432	9791156641896	26000	26000	780
창의와 혁신의 시크릿, 트리즈 : Training How To Think Inventively	김은경	 	2015-07-10	320	9791156641902	23000	23000	690
IT CookBook, 디지털 논리회로(개정3판) : 이론, 실습, 시뮬레이션	임석구, 홍경호	 	2015-07-07	786	9791156641889	27000	27000	810
IT CookBook, 핵심 API로 배우는 윈도우 프로그래밍	강경우	 	2015-06-28	464	9791156641872	26000	26000	780
MATLAB으로 배우는 선형대수학 : Linear Algebra with MATLAB	이광연, 설한국	 	2015-06-10	540	9791156641841	27000	27000	810
창의융합 프로젝트 아이디어북 : Creative Convergence Capstone Design with PBL	조준동	 	2015-06-10	256	9791156641858	24000	24000	720
IT CookBook, XML 프로그래밍 : 체계적으로 배우는 XML 원리와 응용	홍성용	 	2015-06-08	672	9791156641810	27000	27000	810
전공이 보이는 미분적분학: FOR ELECTRICAL & ELECTRONIC ENGINEERS	장윤석	 	2015-05-30	312	9791156641827	22000	22000	660
IT CookBook, Play 포토샵	원다예	 	2015-04-27	410	9791156641803	22000	22000	660
IT CookBook, 엑셀과 파워포인트 2013 개정판	강동진 외 4	 	2015-04-10	556	9791156641773	22000	22000	660
IT CookBook, C C++로 배우는 자료구조론	주우석	 	2015-02-24	696	9791156641780	23000	23000	690
IT CookBook, 광통신 공학 : MATLAB과 함께하는 광통신 시스템	이종형	 	2015-02-24	480	9791156641759	28000	28000	840
IT CookBook, 디지털 영상처리 입문 : 오감을 자극하는 3차원 입체 학습	신종홍, 장선봉, 지인호	 	2015-02-16	600	9791156641766	25000	25000	750
IT CookBook, 엑셀 2013 : 기본 기능부터 실무 활용까지	하숙정	 	2015-02-16	520	9791156641506	20000	20000	600
정보보안 기사 & 산업기사 (필기)	윤대원, 박인근	 	2015-02-11	672	9791156641735	29000	29000	870
IT CookBook, 컴퓨터 활용과 실습 : 컴퓨터 기초, 한글 2014, 엑셀 2013, 파워포인트 2013	김주영	 	2015-02-02	464	9791156641490	22000	22000	660
IT CookBook, 핵심이 보이는 신호 및 시스템 : 기본 이론부터 MATLAB 실습까지	이철희	 	2015-01-09	628	9791156641469	28000	28000	840
IT CookBook, 실전에 강한 PLC : 기본 이론부터 실습까지	정완보	 	2015-01-01	384	9791156641452	20000	20000	600
IT CookBook, 원리로 이해하는 통신이론 : Analog & Digital Communications	한동석	 	2015-01-01	352	9791156641445	24000	24000	720
IT CookBook, 파워포인트 2013 : 기본 기능부터 프레젠테이션 스킬까지 한번에!	채종서, 차유빈	 	2014-12-17	496	9791156641377	20000	20000	600
IT CookBook, Compact C 프로그래밍	김충석	 	2014-12-15	536	9791156641483	24000	24000	720
IT CookBook, 스마트 시대의 멀티미디어 : 멀티미디어 기본 이론부터 최신 기술 동향까지	김용태, 박길철	 	2014-12-15	600	9791156641476	28000	28000	840
IT CookBook, 한글 2014 for Beginner	양숙희	 	2014-12-04	152	9791156641414	10000	10000	300
IT CookBook, 엑셀 2013 for Beginner	양숙희	 	2014-11-28	152	9791156641407	10000	10000	300
IT CookBook, New 데이터통신과 네트워킹 : 차세대 통신을 위한 밑그림	강문식	 	2014-11-27	520	9791156641421	26000	26000	780
IT CookBook, 워드 2013 for Beginner	최희식	 	2014-10-28	160	9791156641384	10000	10000	300
IT CookBook, 파워포인트 2013 for Beginner	최희식	 	2014-10-28	176	9791156641285	10000	10000	300
이자론 중심으로 배우는 금융수학 : 보험계리사 시험 대비	이재원	 	2014-10-10	400	9791156641315	26000	26000	780
IT CookBook, 쉽게 배우는 유전 알고리즘 : 진화적 접근법	문병로	 	2014-09-02	284	9791156641353	23000	23000	690
IT CookBook, 컴퓨터 아키텍처 : 컴퓨터 구조 및 동작 원리	우종정	 	2014-08-11	572	9791156641322	26000	26000	780
IT CookBook, 초보자의 첫 번째 한글 2010	양숙희	 	2014-08-01	152	9791156641124	10000	10000	300
IT CookBook, C 언어로 배우는 8051 마이크로프로세서	임석구	 	2014-07-28	596	9791156641278	25000	25000	750
IT CookBook, 회로이론 : Circuits	Fawwaz T. Ulaby, Michel M. Maharbiz	박병국, 조성재, 강인만, 김중빈	2014-07-22	708	9791156641193	34000	34000	1020
IT CookBook, 실무로 완성하는 최신 안테나 공학 : 이론에서 실무까지	Yi Huang, Kevin Boyle	유태훈	2014-07-14	480	9791156641155	25000	25000	750
Introduction To Algorithms, Third Edition	토머스 코멘, 찰스 레이서손, 로날드 리베스트, 클리포드 스타인	문병로, 심규석, 이충세	2014-07-10	1348	9791156641131	47000	47000	1410
이공계생을 위한 확률과 통계 : Forward-Looking Probability and Statistics	안승철	 	2014-07-10	408	9791156641223	23000	23000	690
공학 기초수학 : Basic Mathematics for Engineering	함남우	 	2014-07-07	412	9791156641179	18000	18000	540
IT CookBook, 컴퓨터 비전	오일석	 	2014-07-01	600	9791156641216	35000	35000	1050
실전으로 배우는 발명·특허	윤상원	 	2014-06-30	300	9791156641162	22000	22000	660
설계 프로세스로 배우는 창의적 공학설계	노승환	 	2014-06-27	336	9791156641094	20000	20000	600
IT CookBook, 빅데이터 컴퓨팅 기술	박두순, 문양세, 박영호, 윤찬현, 정영식, 장형석	 	2014-06-24	344	9791156641148	22000	22000	660
IT CookBook, 단계별로 배우는 전자회로 실험 : 기본 소자부터 응용 회로까지	이강윤	 	2014-06-05	456	9791156641117	22000	22000	660
IT CookBook, CMOS 디지털 집적회로 설계 : 기본 이론부터 실습까지	신경욱	 	2014-05-30	464	9791156641100	26000	26000	780
IT CookBook, 익스플로링 아두이노	JEREMY BLUM	김찬웅	2014-05-26	404	9791156641070	27000	27000	810
IT CookBook, RF 및 초고주파 공학	카이 창(Kai Chang)	홍익표	2014-03-12	392	9791156641063	24000	24000	720
IT CookBook, 인터넷 이해와 활용 : 인터넷 기초부터 홈페이지 제작까지(개정2판)	안치현, 김형철	 	2014-03-12	460	9791156641056	22000	22000	660
IT CookBook, 엑셀 2010 실무와 활용	전미진	 	2014-02-24	428	9788998756802	19000	19000	570
IT CookBook, 엑셀과 파워포인트 2010 실무와 활용	전미진, 고경희	 	2014-02-24	648	9788998756789	21000	21000	630
IT CookBook, 파워포인트 2010 실무와 활용	고경희	 	2014-02-24	448	9788998756949	19000	19000	570
IT CookBook, ASP.NET 4.0 프로그래밍	김동아	 	2014-02-19	684	9791156641025	28000	28000	840
IT CookBook, 초보자의 첫 번째 워드 2010	최희식	 	2014-02-19	160	9788998756987	10000	10000	300
IT CookBook, New 인터넷 이해와 활용	김경신	 	2014-01-09	464	9788998756703	25000	25000	750
IT CookBook, 프로젝트로 배우는 자바 웹 프로그래밍	황희정	 	2014-01-09	692	9788998756680	26000	26000	780
IT CookBook, 디지털 논리회로 실험 : 120개의 기본 실험과 12개의 텀 프로젝트	임석구, 홍경호	 	2014-01-08	440	9788998756758	23000	23000	690
IT CookBook, 윈도우 프로그래밍 : Visual C++ 2010 MFC Programming	김선우, 신화선	 	2014-01-08	808	9788998756697	28000	28000	840
IT CookBook, 실감나게 배우는 제어공학	한수희, 이영삼, 권보규, 권오규, 권욱현	 	2014-01-02	620	9788998756710	28000	28000	840
IT CookBook, 디지털 실험 : with PSpice	홍순관	 	2013-12-31	292	9788998756772	16000	16000	480
IT CookBook, 디지털 공학 : 논리회로의 설계 원리	김대정, 모현선	 	2013-12-02	596	9788998756765	28000	28000	840
기초 선형대수학 : BASIC LINEAR ALGEBRA	이광연, 설한국, 김진수	 	2013-11-02	456	9788998756642	25000	25000	750
대학수학 Plus : University Mathematics	이재원	 	2013-10-14	528	9788998756635	26000	26000	780
IT CookBook, 웹 기획 기초와 설계(개정판) : 웹 사이트, 인터페이스, 디자인	강은정	 	2013-09-15	432	9788998756604	23000	23000	690
IT CookBook, 단계별로 따라하며 배우는 디지털 공학 실험	이승호, 민경옥	 	2013-08-21	372	9788998756499	22000	22000	660
IT CookBook, 데이터베이스 기초와 실습 : 액세스 2010	김지연	 	2013-08-21	536	9788998756369	24000	24000	720
IT CookBook, 컴퓨터 구조와 원리 2.0 : 비주얼 컴퓨터 아키텍처	신종홍	 	2013-08-21	640	9788998756314	25000	25000	750
기초 확률과 통계 : BASIC PROBABILITY & STATISTICS	박대수	 	2013-08-21	384	9788998756543	18000	18000	540
IT CookBook, 전자기학 : ELECTROMAGNETICS	Arlon T. Adams, Jay Kyoon Lee(이재균)	유태훈, 허노정	2013-08-19	640	9788998756284	30000	30000	900
IT CookBook, OpenGL로 배우는 3차원 컴퓨터 그래픽스	주우석	 	2013-08-18	908	9788998756505	38000	38000	1140
IT CookBook, 인공지능 개론	마이클 네그네빗스키	김용혁	2013-08-13	484	9788998756451	25000	25000	750
IT CookBook, 현대 반도체 소자 공학 : Modern Semiconductor Devices for Integrated Circuits	첸밍 후(Chenming Calvin Hu)	권기영, 신형철, 이종호	2013-08-13	456	9788998756390	25000	25000	750
IT CookBook, 디지털 신호 처리 : 기본 이론부터 MATLAB 실습까지	이철희	 	2013-07-31	640	9788998756307	28000	28000	840
IT CookBook, enjoy design 포토샵 CS6	이영주	 	2013-07-28	522	9788998756352	25000	25000	750
IT CookBook, TCP/IP 윈도우 소켓 프로그래밍	김선우	 	2013-07-28	604	9788998756444	25000	25000	750
IT CookBook, 초보자의 첫 번째 파워포인트 2010	최희식	 	2013-07-28	176	9788998756536	10000	10000	300
IT CookBook, 전자회로 : 핵심 개념부터 응용까지	강문식, 신경욱	 	2013-07-25	860	9788998756482	32000	32000	960
IT CookBook, 데이터베이스 관리와 실습(개정판) : MS SQL Server 2008	손광수	 	2013-07-02	584	9788998756468	25000	25000	750
IT CookBook, 마이크로컨트롤러 AVR ATmega128 : 상태도를 이용한 시스템 설계	이상설	 	2013-07-02	604	9788998756376	29000	29000	870
IT CookBook, 자바로 배우는 쉬운 자료구조	이지영	 	2013-07-02	536	9788998756420	24800	24800	744
IT CookBook, 프로그래밍 언어론 : 쉽게 배우는 언어의 원리와 구조	김종훈, 김종진	 	2013-07-02	384	9788998756437	20000	20000	600
IT CookBook, SQL Server로 배우는 데이터베이스 개론과 실습	박우창, 남송휘	 	2013-07-01	576	9788998756246	27000	27000	810
IT CookBook, C++ 하이킹 : 객체지향과 만나는 여행	성윤정, 김태은	 	2013-06-19	676	9788998756215	25000	25000	750
IT CookBook, 반도체 공학 연습문제 풀이집	김동명	 	2013-05-31	336	9788998756239	22000	22000	660
IT CookBook, C 프로그래밍	강동진, 하숙정, 임수연, 송무희, 박보석	 	2013-03-20	652	9788998756161	24000	24000	720
IT CookBook, 컴퓨터 활용 : 윈도우 7, 한글 2010, 엑셀 2010, 파워포인트 2010	김주영, 정영준	 	2013-03-20	496	9788998756154	21000	21000	630
IT CookBook, 초보자의 첫 번째 엑셀 2010	양숙희	 	2013-03-12	152	9788998756109	10000	10000	300
IT CookBook, 개념이 보이는 물리전자공학	이현용	 	2013-02-28	416	9788998756031	24000	24000	720
문제해결력을 키우는 이공계 글쓰기 : 발표와 토론까지	한성우	 	2013-02-28	396	9788998756024	18000	18000	540
진로개발과 직업세계 : 대학생과 청년층을 위한 진로, 취업지침서	서일수, 김도균, 김지혜, 이정배	 	2013-02-28	392	9788998756048	20000	20000	600
Essential Calculus	James Stewart	 	2012-07-08	960	9781133492566	36000	36000	1080
IT CookBook, 디지털 통신 시스템 : Digital Communication Systems	정호영, 임승각	 	2011-01-31	576	9788979147988	25000	25000	750
IT CookBook, 운영체제론 : Operating Systems, 3rd Ed	하비 디텔, 폴 디텔, 데이빗 쇼픈스	송경희	2009-09-04	860	9788979146844	32000	32000	960
